,BABY,BOOK,BOTTLE,CAT,DOG,HAND,SHOE,SPOON,words
0,0.0625,0.07692307692307693,0.1,0.05263157894736842,0.07142857142857142,0.058823529411764705,0.09090909090909091,0.1111111111111111,airplane
1,0.14285714285714285,0.1,0.1111111111111111,0.125,0.3333333333333333,0.08333333333333333,0.125,0.125,animal
2,0.07692307692307693,0.07142857142857142,0.07692307692307693,0.05555555555555555,0.07692307692307693,0.07692307692307693,0.08333333333333333,0.08333333333333333,apple
3,0.07142857142857142,0.0625,0.06666666666666667,0.05,0.06666666666666667,0.16666666666666666,0.07142857142857142,0.07142857142857142,arm
4,0.16666666666666666,0.07692307692307693,0.08333333333333333,0.07692307692307693,0.125,0.08333333333333333,0.09090909090909091,0.09090909090909091,aunt
5,1.0,0.07142857142857142,0.07692307692307693,0.07142857142857142,0.1111111111111111,0.07692307692307693,0.08333333333333333,0.08333333333333333,baby
6,0.1111111111111111,0.07142857142857142,0.07692307692307693,0.07142857142857142,0.1111111111111111,0.07692307692307693,0.08333333333333333,0.08333333333333333,babysitter
7,0.06666666666666667,0.06666666666666667,0.07142857142857142,0.05263157894736842,0.07142857142857142,0.06666666666666667,0.07692307692307693,0.07692307692307693,backyard
8,0.07692307692307693,0.1,0.14285714285714285,0.0625,0.09090909090909091,0.07142857142857142,0.125,0.16666666666666666,ball
9,0.09090909090909091,0.125,0.14285714285714285,0.07142857142857142,0.1111111111111111,0.08333333333333333,0.16666666666666666,0.16666666666666666,balloon
10,0.07692307692307693,0.07142857142857142,0.07692307692307693,0.05555555555555555,0.07692307692307693,0.07692307692307693,0.08333333333333333,0.08333333333333333,banana
11,0.058823529411764705,0.05263157894736842,0.05555555555555555,0.043478260869565216,0.05555555555555555,0.058823529411764705,0.058823529411764705,0.058823529411764705,bath
12,0.07692307692307693,0.1,0.1111111111111111,0.0625,0.09090909090909091,0.07142857142857142,0.125,0.125,bathroom
13,0.07692307692307693,0.1,0.3333333333333333,0.0625,0.09090909090909091,0.07142857142857142,0.125,0.25,bathtub
14,0.1,0.1,0.1111111111111111,0.07142857142857142,0.1111111111111111,0.1,0.125,0.125,beach
15,0.07692307692307693,0.06666666666666667,0.07142857142857142,0.05263157894736842,0.07142857142857142,0.07692307692307693,0.07692307692307693,0.07692307692307693,beads
16,0.07692307692307693,0.0625,0.06666666666666667,0.25,0.25,0.05555555555555555,0.07142857142857142,0.07142857142857142,bear
17,0.07142857142857142,0.09090909090909091,0.125,0.058823529411764705,0.08333333333333333,0.06666666666666667,0.1111111111111111,0.14285714285714285,bed
18,0.07692307692307693,0.1,0.1111111111111111,0.0625,0.09090909090909091,0.07142857142857142,0.125,0.125,bedroom
19,0.08333333333333333,0.06666666666666667,0.07142857142857142,0.07692307692307693,0.125,0.058823529411764705,0.07692307692307693,0.07692307692307693,bee
20,0.09090909090909091,0.09090909090909091,0.1,0.06666666666666667,0.1,0.09090909090909091,0.1111111111111111,0.1111111111111111,belly_button
21,0.0625,0.07692307692307693,0.08333333333333333,0.05263157894736842,0.07142857142857142,0.058823529411764705,0.09090909090909091,0.09090909090909091,bib
22,0.07692307692307693,0.1,0.2,0.0625,0.09090909090909091,0.07142857142857142,0.125,0.25,bicycle
23,0.1,0.07692307692307693,0.08333333333333333,0.14285714285714285,0.16666666666666666,0.06666666666666667,0.09090909090909091,0.09090909090909091,bird
24,0.07692307692307693,0.1,0.1111111111111111,0.0625,0.09090909090909091,0.07142857142857142,0.16666666666666666,0.125,blanket
25,0.07692307692307693,0.06666666666666667,0.07142857142857142,0.05263157894736842,0.07142857142857142,0.07692307692307693,0.07692307692307693,0.07692307692307693,block
26,0.1,0.14285714285714285,0.16666666666666666,0.07692307692307693,0.125,0.09090909090909091,0.2,0.2,block
27,0.08333333333333333,0.2,0.125,0.06666666666666667,0.1,0.07692307692307693,0.14285714285714285,0.14285714285714285,book
28,0.07142857142857142,1.0,0.1,0.058823529411764705,0.08333333333333333,0.06666666666666667,0.1111111111111111,0.1111111111111111,book
29,0.08333333333333333,0.1111111111111111,0.125,0.06666666666666667,0.1,0.07692307692307693,0.3333333333333333,0.14285714285714285,boots
30,0.07692307692307693,0.1,1.0,0.0625,0.09090909090909091,0.07142857142857142,0.125,0.25,bottle
31,0.07692307692307693,0.1,0.3333333333333333,0.0625,0.09090909090909091,0.07142857142857142,0.125,0.25,bottle
32,0.07692307692307693,0.1,0.3333333333333333,0.0625,0.09090909090909091,0.07142857142857142,0.125,0.25,bowl
33,0.07692307692307693,0.1,0.2,0.0625,0.09090909090909091,0.07142857142857142,0.125,0.25,bowl
34,0.08333333333333333,0.1111111111111111,0.25,0.06666666666666667,0.1,0.07692307692307693,0.14285714285714285,0.3333333333333333,box
35,0.14285714285714285,0.08333333333333333,0.09090909090909091,0.08333333333333333,0.14285714285714285,0.09090909090909091,0.1,0.1,boy
36,0.08333333333333333,0.07142857142857142,0.07692307692307693,0.05555555555555555,0.07692307692307693,0.08333333333333333,0.08333333333333333,0.08333333333333333,bread
37,0.07692307692307693,0.06666666666666667,0.07142857142857142,0.05263157894736842,0.07142857142857142,0.07692307692307693,0.07692307692307693,0.07692307692307693,breakfast
38,0.07692307692307693,0.1,0.14285714285714285,0.0625,0.09090909090909091,0.07142857142857142,0.125,0.16666666666666666,broom
39,0.14285714285714285,0.07142857142857142,0.07692307692307693,0.07142857142857142,0.1111111111111111,0.07692307692307693,0.08333333333333333,0.08333333333333333,brother
40,0.08333333333333333,0.1111111111111111,0.16666666666666666,0.06666666666666667,0.1,0.07692307692307693,0.14285714285714285,0.2,brush
41,0.0625,0.05555555555555555,0.058823529411764705,0.045454545454545456,0.058823529411764705,0.0625,0.0625,0.0625,bubbles
42,0.09090909090909091,0.07142857142857142,0.07692307692307693,0.08333333333333333,0.14285714285714285,0.0625,0.08333333333333333,0.08333333333333333,bug
43,0.06666666666666667,0.05555555555555555,0.058823529411764705,0.125,0.125,0.05,0.0625,0.0625,bunny
44,0.07692307692307693,0.1,0.14285714285714285,0.0625,0.09090909090909091,0.07142857142857142,0.125,0.16666666666666666,bus
45,0.09090909090909091,0.07692307692307693,0.08333333333333333,0.058823529411764705,0.08333333333333333,0.09090909090909091,0.09090909090909091,0.09090909090909091,butter
46,0.08333333333333333,0.06666666666666667,0.07142857142857142,0.07692307692307693,0.125,0.058823529411764705,0.07692307692307693,0.07692307692307693,butterfly
47,0.07142857142857142,0.09090909090909091,0.125,0.058823529411764705,0.08333333333333333,0.06666666666666667,0.1111111111111111,0.14285714285714285,button
48,0.07142857142857142,0.0625,0.06666666666666667,0.05,0.06666666666666667,0.07142857142857142,0.07142857142857142,0.07142857142857142,bye
49,0.08333333333333333,0.07142857142857142,0.07692307692307693,0.05555555555555555,0.07692307692307693,0.08333333333333333,0.08333333333333333,0.08333333333333333,cake
50,0.07142857142857142,0.0625,0.06666666666666667,0.05,0.06666666666666667,0.07142857142857142,0.07142857142857142,0.07142857142857142,candy
51,0.06666666666666667,0.08333333333333333,0.14285714285714285,0.05555555555555555,0.07692307692307693,0.0625,0.1,0.16666666666666666,car
52,0.07692307692307693,0.08333333333333333,0.09090909090909091,0.0625,0.09090909090909091,0.07142857142857142,0.1,0.1,carrots
53,0.07142857142857142,0.0625,0.06666666666666667,0.05,0.06666666666666667,0.07142857142857142,0.07142857142857142,0.07142857142857142,carrots
54,0.07142857142857142,0.058823529411764705,0.0625,1.0,0.2,0.05263157894736842,0.06666666666666667,0.06666666666666667,cat
55,0.08333333333333333,0.07142857142857142,0.07692307692307693,0.05555555555555555,0.07692307692307693,0.08333333333333333,0.08333333333333333,0.08333333333333333,cereal
56,0.07142857142857142,0.09090909090909091,0.125,0.058823529411764705,0.08333333333333333,0.06666666666666667,0.1111111111111111,0.14285714285714285,chair
57,0.08333333333333333,0.07142857142857142,0.07692307692307693,0.05555555555555555,0.07692307692307693,0.16666666666666666,0.08333333333333333,0.08333333333333333,cheek
58,0.09090909090909091,0.07692307692307693,0.08333333333333333,0.058823529411764705,0.08333333333333333,0.09090909090909091,0.09090909090909091,0.09090909090909091,cheese
59,0.07692307692307693,0.0625,0.06666666666666667,0.1,0.1111111111111111,0.05555555555555555,0.07142857142857142,0.07142857142857142,chicken (animal)
60,0.07142857142857142,0.0625,0.06666666666666667,0.05,0.06666666666666667,0.07142857142857142,0.07142857142857142,0.07142857142857142,chicken (food)
61,0.14285714285714285,0.08333333333333333,0.09090909090909091,0.08333333333333333,0.14285714285714285,0.09090909090909091,0.1,0.1,child
62,0.5,0.07692307692307693,0.08333333333333333,0.07692307692307693,0.125,0.08333333333333333,0.09090909090909091,0.09090909090909091,child
63,0.07692307692307693,0.1,0.1111111111111111,0.0625,0.09090909090909091,0.07142857142857142,0.125,0.125,church
64,0.06666666666666667,0.08333333333333333,0.1111111111111111,0.05555555555555555,0.07692307692307693,0.0625,0.1,0.125,clock
65,0.07142857142857142,0.09090909090909091,0.1,0.058823529411764705,0.08333333333333333,0.06666666666666667,0.14285714285714285,0.1111111111111111,coat
66,0.08333333333333333,0.07142857142857142,0.07692307692307693,0.05555555555555555,0.07692307692307693,0.08333333333333333,0.08333333333333333,0.08333333333333333,coffee
67,0.08333333333333333,0.1111111111111111,0.16666666666666666,0.06666666666666667,0.1,0.07692307692307693,0.14285714285714285,0.2,comb
68,0.07692307692307693,0.06666666666666667,0.07142857142857142,0.05263157894736842,0.07142857142857142,0.07692307692307693,0.07692307692307693,0.07692307692307693,cookie
69,0.07142857142857142,0.09090909090909091,0.125,0.058823529411764705,0.08333333333333333,0.06666666666666667,0.1111111111111111,0.14285714285714285,couch
70,0.05555555555555555,0.047619047619047616,0.05,0.09090909090909091,0.09090909090909091,0.043478260869565216,0.05263157894736842,0.05263157894736842,cow
71,0.08333333333333333,0.06666666666666667,0.07142857142857142,0.2,0.2,0.058823529411764705,0.07692307692307693,0.07692307692307693,cow
72,0.07692307692307693,0.06666666666666667,0.07142857142857142,0.05263157894736842,0.07142857142857142,0.07692307692307693,0.07692307692307693,0.07692307692307693,cracker
73,0.07142857142857142,0.09090909090909091,0.125,0.058823529411764705,0.08333333333333333,0.06666666666666667,0.1111111111111111,0.14285714285714285,crib
74,0.08333333333333333,0.1111111111111111,0.25,0.06666666666666667,0.1,0.07692307692307693,0.14285714285714285,0.3333333333333333,cup
75,0.1,0.058823529411764705,0.0625,0.058823529411764705,0.08333333333333333,0.0625,0.06666666666666667,0.06666666666666667,daddy
76,0.1111111111111111,0.0625,0.06666666666666667,0.0625,0.09090909090909091,0.06666666666666667,0.07142857142857142,0.07142857142857142,father
77,0.06666666666666667,0.05555555555555555,0.058823529411764705,0.125,0.125,0.05,0.0625,0.0625,deer
78,0.07692307692307693,0.1,0.1111111111111111,0.0625,0.09090909090909091,0.07142857142857142,0.16666666666666666,0.125,diaper
79,0.07692307692307693,0.06666666666666667,0.07142857142857142,0.05263157894736842,0.07142857142857142,0.07692307692307693,0.07692307692307693,0.07692307692307693,dinner
80,0.08333333333333333,0.1111111111111111,0.25,0.06666666666666667,0.1,0.07692307692307693,0.14285714285714285,0.3333333333333333,dish
81,0.1111111111111111,0.08333333333333333,0.09090909090909091,0.2,1.0,0.07142857142857142,0.1,0.1,dog
82,0.09090909090909091,0.125,0.14285714285714285,0.07142857142857142,0.1111111111111111,0.08333333333333333,0.16666666666666666,0.16666666666666666,doll
83,0.0625,0.05263157894736842,0.05555555555555555,0.1111111111111111,0.1111111111111111,0.047619047619047616,0.058823529411764705,0.058823529411764705,donkey
84,0.07142857142857142,0.09090909090909091,0.1,0.058823529411764705,0.08333333333333333,0.06666666666666667,0.1111111111111111,0.1111111111111111,door
85,0.08333333333333333,0.1111111111111111,0.25,0.06666666666666667,0.1,0.07692307692307693,0.14285714285714285,0.3333333333333333,drawer
86,0.07692307692307693,0.1,0.1111111111111111,0.0625,0.09090909090909091,0.07142857142857142,0.16666666666666666,0.125,dress
87,0.07142857142857142,0.0625,0.06666666666666667,0.05,0.06666666666666667,0.07142857142857142,0.07142857142857142,0.07142857142857142,drink
88,0.09090909090909091,0.07692307692307693,0.08333333333333333,0.058823529411764705,0.08333333333333333,0.09090909090909091,0.09090909090909091,0.09090909090909091,drink
89,0.07142857142857142,0.058823529411764705,0.0625,0.09090909090909091,0.1,0.05263157894736842,0.06666666666666667,0.06666666666666667,duck
90,0.07692307692307693,0.06666666666666667,0.07142857142857142,0.05263157894736842,0.07142857142857142,0.14285714285714285,0.07692307692307693,0.07692307692307693,ear
91,0.08333333333333333,0.07692307692307693,0.08333333333333333,0.06666666666666667,0.1,0.06666666666666667,0.09090909090909091,0.09090909090909091,egg
92,0.07692307692307693,0.0625,0.06666666666666667,0.16666666666666666,0.16666666666666666,0.05555555555555555,0.07142857142857142,0.07142857142857142,elephant
93,0.07692307692307693,0.06666666666666667,0.07142857142857142,0.05263157894736842,0.07142857142857142,0.14285714285714285,0.07692307692307693,0.07692307692307693,eye
94,0.08333333333333333,0.07142857142857142,0.07692307692307693,0.05555555555555555,0.07692307692307693,0.25,0.08333333333333333,0.08333333333333333,face
95,0.07692307692307693,0.06666666666666667,0.07142857142857142,0.05263157894736842,0.07142857142857142,0.3333333333333333,0.07692307692307693,0.07692307692307693,finger
96,0.0625,0.07692307692307693,0.125,0.05263157894736842,0.07142857142857142,0.058823529411764705,0.09090909090909091,0.14285714285714285,firetruck
97,0.09090909090909091,0.07142857142857142,0.07692307692307693,0.125,0.14285714285714285,0.0625,0.08333333333333333,0.08333333333333333,fish (animal)
98,0.09090909090909091,0.07692307692307693,0.08333333333333333,0.058823529411764705,0.08333333333333333,0.09090909090909091,0.09090909090909091,0.09090909090909091,fish (food)
99,0.07692307692307693,0.08333333333333333,0.09090909090909091,0.0625,0.09090909090909091,0.07142857142857142,0.1,0.1,flower
100,0.1,0.08333333333333333,0.09090909090909091,0.0625,0.09090909090909091,0.1,0.1,0.1,food
101,0.1,0.08333333333333333,0.09090909090909091,0.0625,0.09090909090909091,0.1,0.1,0.1,food
102,0.07142857142857142,0.0625,0.06666666666666667,0.05,0.06666666666666667,0.25,0.07142857142857142,0.07142857142857142,foot
103,0.07142857142857142,0.0625,0.06666666666666667,0.05,0.06666666666666667,0.25,0.07142857142857142,0.07142857142857142,foot
104,0.07142857142857142,0.09090909090909091,0.1,0.058823529411764705,0.08333333333333333,0.06666666666666667,0.1111111111111111,0.3333333333333333,fork
105,0.09090909090909091,0.07142857142857142,0.07692307692307693,0.125,0.14285714285714285,0.0625,0.08333333333333333,0.08333333333333333,frog
106,0.07692307692307693,0.1,0.1111111111111111,0.0625,0.09090909090909091,0.07142857142857142,0.125,0.125,garage
107,0.06666666666666667,0.06666666666666667,0.07142857142857142,0.05263157894736842,0.07142857142857142,0.06666666666666667,0.07692307692307693,0.07692307692307693,garden
108,0.06666666666666667,0.05555555555555555,0.058823529411764705,0.125,0.125,0.05,0.0625,0.0625,giraffe
109,0.125,0.07692307692307693,0.08333333333333333,0.07692307692307693,0.125,0.08333333333333333,0.09090909090909091,0.09090909090909091,girl
110,0.14285714285714285,0.08333333333333333,0.09090909090909091,0.08333333333333333,0.14285714285714285,0.09090909090909091,0.1,0.1,girl
111,0.08333333333333333,0.1111111111111111,0.25,0.06666666666666667,0.1,0.07692307692307693,0.14285714285714285,0.3333333333333333,glass
112,0.07142857142857142,0.09090909090909091,0.125,0.058823529411764705,0.08333333333333333,0.06666666666666667,0.1111111111111111,0.14285714285714285,glasses
113,0.07142857142857142,0.058823529411764705,0.0625,0.09090909090909091,0.1,0.05263157894736842,0.06666666666666667,0.06666666666666667,goose
114,0.125,0.06666666666666667,0.07142857142857142,0.06666666666666667,0.1,0.07142857142857142,0.07692307692307693,0.07692307692307693,grandma
115,0.125,0.06666666666666667,0.07142857142857142,0.06666666666666667,0.1,0.07142857142857142,0.07692307692307693,0.07692307692307693,grandpa
116,0.08333333333333333,0.09090909090909091,0.1,0.06666666666666667,0.1,0.07692307692307693,0.1111111111111111,0.1111111111111111,hair
117,0.07142857142857142,0.09090909090909091,0.125,0.058823529411764705,0.08333333333333333,0.06666666666666667,0.1111111111111111,0.14285714285714285,hammer
118,0.07692307692307693,0.06666666666666667,0.07142857142857142,0.05263157894736842,0.07142857142857142,1.0,0.07692307692307693,0.07692307692307693,hand
119,0.07692307692307693,0.1,0.1111111111111111,0.0625,0.09090909090909091,0.07142857142857142,0.16666666666666666,0.125,hat
120,0.08333333333333333,0.07142857142857142,0.07692307692307693,0.05555555555555555,0.07692307692307693,0.25,0.08333333333333333,0.08333333333333333,head
121,0.07142857142857142,0.07142857142857142,0.07692307692307693,0.05555555555555555,0.07692307692307693,0.07142857142857142,0.08333333333333333,0.08333333333333333,home
122,0.08333333333333333,0.1111111111111111,0.125,0.06666666666666667,0.1,0.07692307692307693,0.14285714285714285,0.14285714285714285,home
123,0.06666666666666667,0.05555555555555555,0.058823529411764705,0.125,0.125,0.05,0.0625,0.0625,horse
124,0.08333333333333333,0.1111111111111111,0.125,0.06666666666666667,0.1,0.07692307692307693,0.14285714285714285,0.14285714285714285,house
125,0.06666666666666667,0.058823529411764705,0.0625,0.047619047619047616,0.0625,0.06666666666666667,0.06666666666666667,0.06666666666666667,ice_cream
126,0.06666666666666667,0.08333333333333333,0.09090909090909091,0.05555555555555555,0.07692307692307693,0.0625,0.125,0.1,jacket
127,0.07142857142857142,0.09090909090909091,0.1,0.058823529411764705,0.08333333333333333,0.06666666666666667,0.14285714285714285,0.1111111111111111,jeans
128,0.09090909090909091,0.125,0.14285714285714285,0.07142857142857142,0.1111111111111111,0.08333333333333333,0.16666666666666666,0.16666666666666666,jeans
129,0.08333333333333333,0.07142857142857142,0.07692307692307693,0.05555555555555555,0.07692307692307693,0.08333333333333333,0.08333333333333333,0.08333333333333333,juice
130,0.08333333333333333,0.1111111111111111,0.16666666666666666,0.06666666666666667,0.1,0.07692307692307693,0.14285714285714285,0.2,keys
131,0.07692307692307693,0.1,0.1111111111111111,0.0625,0.09090909090909091,0.07142857142857142,0.125,0.125,kitchen
132,0.07142857142857142,0.0625,0.06666666666666667,0.05,0.06666666666666667,0.125,0.07142857142857142,0.07142857142857142,knee
133,0.125,0.07692307692307693,0.08333333333333333,0.07692307692307693,0.125,0.08333333333333333,0.09090909090909091,0.09090909090909091,lady
134,0.1,0.07692307692307693,0.08333333333333333,0.09090909090909091,0.16666666666666666,0.06666666666666667,0.09090909090909091,0.09090909090909091,lamb
135,0.07692307692307693,0.1,0.14285714285714285,0.0625,0.09090909090909091,0.07142857142857142,0.125,0.16666666666666666,lamp
136,0.07692307692307693,0.1,0.14285714285714285,0.0625,0.09090909090909091,0.07142857142857142,0.125,0.16666666666666666,lamp
137,0.07142857142857142,0.0625,0.06666666666666667,0.05,0.06666666666666667,0.16666666666666666,0.07142857142857142,0.07142857142857142,leg
138,0.07692307692307693,0.1,0.14285714285714285,0.0625,0.09090909090909091,0.07142857142857142,0.125,0.16666666666666666,light
139,0.06666666666666667,0.05555555555555555,0.058823529411764705,0.25,0.16666666666666666,0.05,0.0625,0.0625,lion
140,0.07692307692307693,0.1,0.1111111111111111,0.0625,0.09090909090909091,0.07142857142857142,0.125,0.125,living_room
141,0.07692307692307693,0.06666666666666667,0.07142857142857142,0.05263157894736842,0.07142857142857142,0.07692307692307693,0.07692307692307693,0.07692307692307693,lunch
142,0.14285714285714285,0.08333333333333333,0.09090909090909091,0.08333333333333333,0.14285714285714285,0.09090909090909091,0.1,0.1,man
143,0.09090909090909091,0.07692307692307693,0.08333333333333333,0.058823529411764705,0.08333333333333333,0.09090909090909091,0.09090909090909091,0.09090909090909091,meat
144,0.1111111111111111,0.07692307692307693,0.08333333333333333,0.058823529411764705,0.08333333333333333,0.09090909090909091,0.09090909090909091,0.09090909090909091,medicine
145,0.08333333333333333,0.07142857142857142,0.07692307692307693,0.05555555555555555,0.07692307692307693,0.08333333333333333,0.08333333333333333,0.08333333333333333,milk
146,0.08333333333333333,0.07142857142857142,0.07692307692307693,0.05555555555555555,0.07692307692307693,0.08333333333333333,0.08333333333333333,0.08333333333333333,milk
147,0.1,0.058823529411764705,0.0625,0.058823529411764705,0.08333333333333333,0.0625,0.06666666666666667,0.06666666666666667,mommy
148,0.1111111111111111,0.0625,0.06666666666666667,0.0625,0.09090909090909091,0.06666666666666667,0.07142857142857142,0.07142857142857142,mother
149,0.07142857142857142,0.0625,0.06666666666666667,0.05,0.06666666666666667,0.07142857142857142,0.07142857142857142,0.07142857142857142,money
150,0.07142857142857142,0.0625,0.06666666666666667,0.05,0.06666666666666667,0.07142857142857142,0.07142857142857142,0.07142857142857142,money
151,0.06666666666666667,0.058823529411764705,0.0625,0.047619047619047616,0.0625,0.06666666666666667,0.06666666666666667,0.06666666666666667,money
152,0.07692307692307693,0.0625,0.06666666666666667,0.16666666666666666,0.16666666666666666,0.05555555555555555,0.07142857142857142,0.07142857142857142,monkey
153,0.08333333333333333,0.09090909090909091,0.1,0.06666666666666667,0.1,0.07692307692307693,0.1111111111111111,0.1111111111111111,moon
154,0.1111111111111111,0.1111111111111111,0.125,0.07692307692307693,0.125,0.1111111111111111,0.14285714285714285,0.14285714285714285,moon
155,0.06666666666666667,0.08333333333333333,0.14285714285714285,0.05555555555555555,0.07692307692307693,0.0625,0.1,0.16666666666666666,motorcycle
156,0.07692307692307693,0.0625,0.06666666666666667,0.16666666666666666,0.16666666666666666,0.05555555555555555,0.07142857142857142,0.07142857142857142,mouse
157,0.06666666666666667,0.058823529411764705,0.0625,0.047619047619047616,0.0625,0.1111111111111111,0.06666666666666667,0.06666666666666667,mouth
158,0.07142857142857142,0.0625,0.06666666666666667,0.05,0.06666666666666667,0.125,0.07142857142857142,0.07142857142857142,mouth
159,0.08333333333333333,0.07142857142857142,0.07692307692307693,0.05555555555555555,0.07692307692307693,0.08333333333333333,0.08333333333333333,0.08333333333333333,nap
160,0.07692307692307693,0.06666666666666667,0.07142857142857142,0.05263157894736842,0.07142857142857142,0.07692307692307693,0.07692307692307693,0.07692307692307693,nap
161,0.07692307692307693,0.1,0.1111111111111111,0.0625,0.09090909090909091,0.07142857142857142,0.125,0.125,necklace
162,0.08333333333333333,0.07142857142857142,0.07692307692307693,0.05555555555555555,0.07692307692307693,0.08333333333333333,0.08333333333333333,0.08333333333333333,noodles
163,0.07142857142857142,0.0625,0.06666666666666667,0.05,0.06666666666666667,0.125,0.07142857142857142,0.07142857142857142,nose
164,0.07142857142857142,0.06666666666666667,0.07142857142857142,0.05263157894736842,0.07142857142857142,0.07142857142857142,0.07692307692307693,0.07692307692307693,orange
165,0.09090909090909091,0.09090909090909091,0.1,0.06666666666666667,0.1,0.09090909090909091,0.1111111111111111,0.1111111111111111,outside
166,0.0625,0.07692307692307693,0.08333333333333333,0.05263157894736842,0.07142857142857142,0.058823529411764705,0.09090909090909091,0.09090909090909091,oven
167,0.08333333333333333,0.06666666666666667,0.07142857142857142,0.1111111111111111,0.125,0.058823529411764705,0.07692307692307693,0.07692307692307693,owl
168,0.07692307692307693,0.1,0.1111111111111111,0.0625,0.09090909090909091,0.07142857142857142,0.16666666666666666,0.125,pajamas
169,0.07692307692307693,0.1,0.1111111111111111,0.0625,0.09090909090909091,0.07142857142857142,0.16666666666666666,0.125,pants
170,0.07692307692307693,0.1,0.1111111111111111,0.0625,0.09090909090909091,0.07142857142857142,0.16666666666666666,0.125,pants
171,0.08333333333333333,0.1111111111111111,0.16666666666666666,0.06666666666666667,0.1,0.07692307692307693,0.14285714285714285,0.2,paper
172,0.09090909090909091,0.07692307692307693,0.08333333333333333,0.058823529411764705,0.08333333333333333,0.09090909090909091,0.09090909090909091,0.09090909090909091,paper
173,0.07692307692307693,0.07692307692307693,0.08333333333333333,0.058823529411764705,0.08333333333333333,0.07692307692307693,0.09090909090909091,0.09090909090909091,park
174,0.07142857142857142,0.0625,0.06666666666666667,0.05,0.06666666666666667,0.07142857142857142,0.07142857142857142,0.07142857142857142,party
175,0.07142857142857142,0.0625,0.06666666666666667,0.05,0.06666666666666667,0.07142857142857142,0.07142857142857142,0.07142857142857142,peas
176,0.0625,0.05555555555555555,0.058823529411764705,0.045454545454545456,0.058823529411764705,0.0625,0.0625,0.0625,peekaboo
177,0.07692307692307693,0.1,0.14285714285714285,0.0625,0.09090909090909091,0.07142857142857142,0.125,0.16666666666666666,pen
178,0.07142857142857142,0.058823529411764705,0.0625,0.09090909090909091,0.1,0.05263157894736842,0.06666666666666667,0.06666666666666667,penguin
179,0.058823529411764705,0.05263157894736842,0.05555555555555555,0.043478260869565216,0.05555555555555555,0.058823529411764705,0.058823529411764705,0.058823529411764705,penny
180,0.06666666666666667,0.058823529411764705,0.0625,0.047619047619047616,0.0625,0.06666666666666667,0.06666666666666667,0.06666666666666667,penny
181,0.09090909090909091,0.07692307692307693,0.08333333333333333,0.058823529411764705,0.08333333333333333,0.09090909090909091,0.09090909090909091,0.09090909090909091,people
182,0.2,0.1,0.1111111111111111,0.1,0.2,0.1111111111111111,0.125,0.125,person
183,0.08333333333333333,0.14285714285714285,0.125,0.06666666666666667,0.1,0.07692307692307693,0.14285714285714285,0.14285714285714285,picture
184,0.08333333333333333,0.14285714285714285,0.125,0.06666666666666667,0.1,0.07692307692307693,0.14285714285714285,0.14285714285714285,picture
185,0.06666666666666667,0.05555555555555555,0.058823529411764705,0.125,0.125,0.05,0.0625,0.0625,pig
186,0.08333333333333333,0.1111111111111111,0.125,0.06666666666666667,0.1,0.07692307692307693,0.14285714285714285,0.14285714285714285,pillow
187,0.07692307692307693,0.06666666666666667,0.07142857142857142,0.05263157894736842,0.07142857142857142,0.07692307692307693,0.07692307692307693,0.07692307692307693,pizza
188,0.14285714285714285,0.1,0.1111111111111111,0.1,0.2,0.08333333333333333,0.125,0.125,plant
189,0.07142857142857142,0.09090909090909091,0.1,0.058823529411764705,0.08333333333333333,0.06666666666666667,0.1111111111111111,0.2,plate
190,0.0625,0.05263157894736842,0.05555555555555555,0.1111111111111111,0.1111111111111111,0.047619047619047616,0.058823529411764705,0.058823529411764705,pony
191,0.08333333333333333,0.1111111111111111,0.125,0.06666666666666667,0.1,0.07692307692307693,0.14285714285714285,0.14285714285714285,pool
192,0.09090909090909091,0.125,0.14285714285714285,0.07142857142857142,0.1111111111111111,0.08333333333333333,0.16666666666666666,0.16666666666666666,pool
193,0.08333333333333333,0.1111111111111111,0.125,0.06666666666666667,0.1,0.07692307692307693,0.14285714285714285,0.14285714285714285,potty
194,0.07692307692307693,0.1,0.2,0.0625,0.09090909090909091,0.07142857142857142,0.125,0.25,potty
195,0.1,0.07692307692307693,0.08333333333333333,0.16666666666666666,0.5,0.06666666666666667,0.09090909090909091,0.09090909090909091,puppy
196,0.08333333333333333,0.1111111111111111,0.25,0.06666666666666667,0.1,0.07692307692307693,0.14285714285714285,0.3333333333333333,purse
197,0.07142857142857142,0.09090909090909091,0.125,0.058823529411764705,0.08333333333333333,0.06666666666666667,0.1111111111111111,0.14285714285714285,radio
198,0.07692307692307693,0.1,0.14285714285714285,0.0625,0.09090909090909091,0.07142857142857142,0.125,0.16666666666666666,radio
199,0.06666666666666667,0.08333333333333333,0.1111111111111111,0.05555555555555555,0.07692307692307693,0.0625,0.1,0.125,radio
200,0.06666666666666667,0.058823529411764705,0.0625,0.047619047619047616,0.0625,0.06666666666666667,0.06666666666666667,0.06666666666666667,rain
201,0.07692307692307693,0.06666666666666667,0.07142857142857142,0.05263157894736842,0.07142857142857142,0.07692307692307693,0.07692307692307693,0.07692307692307693,rain
202,0.07142857142857142,0.06666666666666667,0.07142857142857142,0.05263157894736842,0.07142857142857142,0.07142857142857142,0.07692307692307693,0.07692307692307693,raisin
203,0.0625,0.07692307692307693,0.08333333333333333,0.05263157894736842,0.07142857142857142,0.058823529411764705,0.09090909090909091,0.09090909090909091,refrigerator
204,0.058823529411764705,0.07142857142857142,0.07692307692307693,0.05,0.06666666666666667,0.05555555555555555,0.08333333333333333,0.08333333333333333,refrigerator
205,0.1,0.1111111111111111,0.125,0.07692307692307693,0.125,0.09090909090909091,0.14285714285714285,0.14285714285714285,rock
206,0.09090909090909091,0.07692307692307693,0.08333333333333333,0.058823529411764705,0.08333333333333333,0.09090909090909091,0.09090909090909091,0.09090909090909091,rock
207,0.06666666666666667,0.08333333333333333,0.1111111111111111,0.05555555555555555,0.07692307692307693,0.0625,0.1,0.125,rocking_chair
208,0.06666666666666667,0.058823529411764705,0.0625,0.047619047619047616,0.0625,0.06666666666666667,0.06666666666666667,0.06666666666666667,school
209,0.08333333333333333,0.1111111111111111,0.125,0.06666666666666667,0.1,0.07692307692307693,0.14285714285714285,0.14285714285714285,school
210,0.07692307692307693,0.06666666666666667,0.07142857142857142,0.05263157894736842,0.07142857142857142,0.07692307692307693,0.07692307692307693,0.07692307692307693,school
211,0.06666666666666667,0.058823529411764705,0.0625,0.047619047619047616,0.0625,0.06666666666666667,0.06666666666666667,0.06666666666666667,school
212,0.06666666666666667,0.08333333333333333,0.1111111111111111,0.05555555555555555,0.07692307692307693,0.0625,0.1,0.125,scissors
213,0.0625,0.05263157894736842,0.05555555555555555,0.1111111111111111,0.1111111111111111,0.047619047619047616,0.058823529411764705,0.058823529411764705,sheep
214,0.07692307692307693,0.1,0.1111111111111111,0.0625,0.09090909090909091,0.07142857142857142,0.16666666666666666,0.125,shirt
215,0.07142857142857142,0.09090909090909091,0.1,0.058823529411764705,0.08333333333333333,0.06666666666666667,0.14285714285714285,0.1111111111111111,shirt
216,0.08333333333333333,0.1111111111111111,0.125,0.06666666666666667,0.1,0.07692307692307693,1.0,0.14285714285714285,shoe
217,0.07142857142857142,0.09090909090909091,0.1,0.058823529411764705,0.08333333333333333,0.06666666666666667,0.14285714285714285,0.1111111111111111,shorts
218,0.07142857142857142,0.09090909090909091,0.125,0.058823529411764705,0.08333333333333333,0.06666666666666667,0.1111111111111111,0.14285714285714285,shovel
219,0.08333333333333333,0.1111111111111111,0.125,0.06666666666666667,0.1,0.07692307692307693,0.14285714285714285,0.14285714285714285,sink
220,0.14285714285714285,0.07142857142857142,0.07692307692307693,0.07142857142857142,0.1111111111111111,0.07692307692307693,0.08333333333333333,0.08333333333333333,sister
221,0.08333333333333333,0.07142857142857142,0.07692307692307693,0.05555555555555555,0.07692307692307693,0.08333333333333333,0.08333333333333333,0.08333333333333333,sky
222,0.09090909090909091,0.125,0.14285714285714285,0.07142857142857142,0.1111111111111111,0.08333333333333333,0.16666666666666666,0.16666666666666666,slide
223,0.06666666666666667,0.058823529411764705,0.0625,0.047619047619047616,0.0625,0.06666666666666667,0.06666666666666667,0.06666666666666667,snow
224,0.06666666666666667,0.058823529411764705,0.0625,0.047619047619047616,0.0625,0.06666666666666667,0.06666666666666667,0.06666666666666667,soap
225,0.07142857142857142,0.09090909090909091,0.1,0.058823529411764705,0.08333333333333333,0.06666666666666667,0.14285714285714285,0.1111111111111111,sock
226,0.08333333333333333,0.07142857142857142,0.07692307692307693,0.05555555555555555,0.07692307692307693,0.08333333333333333,0.08333333333333333,0.08333333333333333,spaghetti
227,0.08333333333333333,0.1111111111111111,0.25,0.06666666666666667,0.1,0.07692307692307693,0.14285714285714285,1.0,spoon
228,0.07692307692307693,0.0625,0.06666666666666667,0.16666666666666666,0.16666666666666666,0.05555555555555555,0.07142857142857142,0.07142857142857142,squirrel
229,0.08333333333333333,0.1111111111111111,0.125,0.06666666666666667,0.1,0.07692307692307693,0.14285714285714285,0.14285714285714285,stairs
230,0.09090909090909091,0.1,0.1111111111111111,0.07142857142857142,0.1111111111111111,0.08333333333333333,0.125,0.125,star
231,0.09090909090909091,0.1,0.1111111111111111,0.07142857142857142,0.1111111111111111,0.08333333333333333,0.125,0.125,star
232,0.07142857142857142,0.09090909090909091,0.1,0.058823529411764705,0.08333333333333333,0.06666666666666667,0.1111111111111111,0.1111111111111111,store
233,0.0625,0.07692307692307693,0.08333333333333333,0.05263157894736842,0.07142857142857142,0.058823529411764705,0.09090909090909091,0.09090909090909091,stove
234,0.07692307692307693,0.1,0.2,0.0625,0.09090909090909091,0.07142857142857142,0.125,0.25,stroller
235,0.08333333333333333,0.09090909090909091,0.1,0.06666666666666667,0.1,0.07692307692307693,0.1111111111111111,0.1111111111111111,sun
236,0.058823529411764705,0.05263157894736842,0.05555555555555555,0.043478260869565216,0.05555555555555555,0.058823529411764705,0.058823529411764705,0.058823529411764705,sun
237,0.07692307692307693,0.1,0.1111111111111111,0.0625,0.09090909090909091,0.07142857142857142,0.16666666666666666,0.125,sweater
238,0.09090909090909091,0.125,0.14285714285714285,0.07142857142857142,0.1111111111111111,0.08333333333333333,0.16666666666666666,0.16666666666666666,swing
239,0.07692307692307693,0.1,0.14285714285714285,0.0625,0.09090909090909091,0.07142857142857142,0.125,0.16666666666666666,table
240,0.1111111111111111,0.07142857142857142,0.07692307692307693,0.07142857142857142,0.1111111111111111,0.07692307692307693,0.08333333333333333,0.08333333333333333,teacher
241,0.09090909090909091,0.125,0.14285714285714285,0.07142857142857142,0.1111111111111111,0.08333333333333333,0.16666666666666666,0.16666666666666666,teddy_bear
242,0.07692307692307693,0.1,0.14285714285714285,0.0625,0.09090909090909091,0.07142857142857142,0.125,0.16666666666666666,telephone/cellphone
243,0.06666666666666667,0.08333333333333333,0.1111111111111111,0.05555555555555555,0.07692307692307693,0.0625,0.1,0.125,telephone/cellphone
244,0.07142857142857142,0.0625,0.06666666666666667,0.05,0.06666666666666667,0.07142857142857142,0.07142857142857142,0.07142857142857142,thank_you
245,0.06666666666666667,0.05555555555555555,0.058823529411764705,0.25,0.16666666666666666,0.05,0.0625,0.0625,tiger
246,0.07692307692307693,0.06666666666666667,0.07142857142857142,0.05263157894736842,0.07142857142857142,0.07692307692307693,0.07692307692307693,0.07692307692307693,toast
247,0.07692307692307693,0.06666666666666667,0.07142857142857142,0.05263157894736842,0.07142857142857142,0.3333333333333333,0.07692307692307693,0.07692307692307693,toe
248,0.08333333333333333,0.07142857142857142,0.07692307692307693,0.05555555555555555,0.07692307692307693,0.16666666666666666,0.08333333333333333,0.08333333333333333,tongue
249,0.06666666666666667,0.058823529411764705,0.0625,0.047619047619047616,0.0625,0.1111111111111111,0.06666666666666667,0.06666666666666667,tooth
250,0.08333333333333333,0.1111111111111111,0.16666666666666666,0.06666666666666667,0.1,0.07692307692307693,0.14285714285714285,0.2,toothbrush
251,0.08333333333333333,0.1111111111111111,0.125,0.06666666666666667,0.1,0.08333333333333333,0.14285714285714285,0.14285714285714285,towel
252,0.1,0.14285714285714285,0.16666666666666666,0.07692307692307693,0.125,0.09090909090909091,0.2,0.2,toy
253,0.07692307692307693,0.1,0.14285714285714285,0.0625,0.09090909090909091,0.07142857142857142,0.125,0.16666666666666666,train
254,0.08333333333333333,0.07142857142857142,0.07692307692307693,0.05555555555555555,0.07692307692307693,0.08333333333333333,0.08333333333333333,0.08333333333333333,trash
255,0.1,0.07692307692307693,0.08333333333333333,0.07692307692307693,0.125,0.06666666666666667,0.09090909090909091,0.09090909090909091,tree
256,0.06666666666666667,0.08333333333333333,0.14285714285714285,0.05555555555555555,0.07692307692307693,0.0625,0.1,0.16666666666666666,truck
257,0.07692307692307693,0.06666666666666667,0.07142857142857142,0.05263157894736842,0.07142857142857142,0.14285714285714285,0.07692307692307693,0.07692307692307693,tummy
258,0.09090909090909091,0.07692307692307693,0.08333333333333333,0.058823529411764705,0.08333333333333333,0.2,0.09090909090909091,0.09090909090909091,tummy
259,0.07692307692307693,0.0625,0.06666666666666667,0.1,0.1111111111111111,0.05555555555555555,0.07142857142857142,0.07142857142857142,turtle
260,0.06666666666666667,0.08333333333333333,0.1111111111111111,0.05555555555555555,0.07692307692307693,0.0625,0.1,0.125,TV
261,0.07142857142857142,0.09090909090909091,0.125,0.058823529411764705,0.08333333333333333,0.06666666666666667,0.1111111111111111,0.14285714285714285,TV
262,0.07142857142857142,0.09090909090909091,0.125,0.058823529411764705,0.08333333333333333,0.06666666666666667,0.1111111111111111,0.14285714285714285,TV
263,0.16666666666666666,0.07692307692307693,0.08333333333333333,0.07692307692307693,0.125,0.08333333333333333,0.09090909090909091,0.09090909090909091,uncle
264,0.06666666666666667,0.08333333333333333,0.09090909090909091,0.05555555555555555,0.07692307692307693,0.0625,0.1,0.1,vacuum
265,0.07692307692307693,0.06666666666666667,0.07142857142857142,0.05263157894736842,0.07142857142857142,0.07692307692307693,0.07692307692307693,0.07692307692307693,wait
266,0.07692307692307693,0.06666666666666667,0.07142857142857142,0.05263157894736842,0.07142857142857142,0.07692307692307693,0.07692307692307693,0.07692307692307693,wait
267,0.07142857142857142,0.0625,0.06666666666666667,0.05,0.06666666666666667,0.07142857142857142,0.07142857142857142,0.07142857142857142,want to
268,0.06666666666666667,0.08333333333333333,0.1111111111111111,0.05555555555555555,0.07692307692307693,0.0625,0.1,0.125,watch
269,0.09090909090909091,0.07692307692307693,0.08333333333333333,0.058823529411764705,0.08333333333333333,0.09090909090909091,0.09090909090909091,0.09090909090909091,water
270,0.09090909090909091,0.07692307692307693,0.08333333333333333,0.058823529411764705,0.08333333333333333,0.09090909090909091,0.09090909090909091,0.09090909090909091,water (not beverage)
271,0.1111111111111111,0.09090909090909091,0.1,0.06666666666666667,0.1,0.14285714285714285,0.1111111111111111,0.1111111111111111,water (not beverage)
272,0.07692307692307693,0.1,0.1111111111111111,0.0625,0.09090909090909091,0.07142857142857142,0.125,0.125,window
273,0.09090909090909091,0.125,0.14285714285714285,0.07142857142857142,0.1111111111111111,0.08333333333333333,0.16666666666666666,0.16666666666666666,window
274,0.08333333333333333,0.08333333333333333,0.09090909090909091,0.0625,0.09090909090909091,0.08333333333333333,0.1,0.1,work (place)
275,0.058823529411764705,0.05263157894736842,0.05555555555555555,0.043478260869565216,0.05555555555555555,0.058823529411764705,0.058823529411764705,0.058823529411764705,yes
276,0.07142857142857142,0.09090909090909091,0.125,0.058823529411764705,0.08333333333333333,0.06666666666666667,0.1111111111111111,0.14285714285714285,zipper
277,0.09090909090909091,0.125,0.14285714285714285,0.07142857142857142,0.1111111111111111,0.08333333333333333,0.16666666666666666,0.16666666666666666,zoo
